Split,Período,Rows,Churn Rate
Train,2023-2024,240000,0.08739583333333334
Test,2025,120000,0.08718333333333333
OOT,2026,120000,0.0894
