Split,Período,Rows,Churn Rate
Train,2023-2024,30080,0.08956117021276595
Test,2025,2325,0.09032258064516129
OOT,2026,724,0.08425414364640885
