feature,VIF
active_days_last_month,14.591748084865367
monthly_charges,10.415143398998245
usage_minutes,9.250895088289754
age,8.369300967888773
tenure_months,4.32789816772588
marketing_emails_opened,2.4488010364278723
support_calls,1.5731089275161831
complaints_last_3m,1.2938561701267577
late_payments,1.2216956327382276
