Feature,Information Value
complaints_last_3m,0.025101011794847618
marketing_emails_opened,0.015841784772505446
support_calls,0.008064387506554594
late_payments,0.0031530656224091555
active_days_last_month,0.002070212256322919
tenure_months,0.0014518040786340206
usage_minutes,0.001262414778100865
monthly_charges,9.114035204856558e-05
age,5.7676634615408314e-05
