Feature,Information Value
support_calls,0.04834229183926356
complaints_last_3m,0.034417036824245746
usage_minutes,0.004717788984888281
active_days_last_month,0.002703498018161722
monthly_charges,0.0007063866390998204
tenure_months,0.0004035548402587084
age,0.0003710974569845641
marketing_emails_opened,3.037813596045758e-05
late_payments,0.0
