feature,VIF
active_days_last_month,13.286083902907636
age,12.042087820072503
monthly_charges,10.79693998280664
usage_minutes,10.726232009031289
marketing_emails_opened,3.4930209036253417
tenure_months,2.632388821015201
support_calls,1.916077882150559
late_payments,1.5666513133580686
complaints_last_3m,1.3385645486455027
